Code INSEE;Code Postal;Commune
91645;91370;VERRIERES-LE-BUISSON
77133;77126;COURCELLES-EN-BASSEE
91378;91730;MAUCHAMPS
77243;77400;LAGNY-SUR-MARNE
77414;77160;SAINT-HILLIERS
77214;77410;GRESSY
78297;78280;GUYANCOURT
91386;91540;MENNECY
91619;91730;TORFOU
77384;77550;REAU
77190;77370;FONTAINS
91495;91410;PLESSIS-SAINT-BENOIST
77374;77135;PONTCARRE
95658;95450;VIGNY
95181;95650;COURCELLES-SUR-VIOSNE
78444;78980;NEAUPHLETTE
78474;78910;ORVILLIERS
95543;95510;SAINT-CYR-EN-ARTHIES
78346;78980;LONGNES
95056;95270;BELLOY-EN-FRANCE
95287;95810;GRISY-LES-PLATRES
77147;77370;LA CROIX-EN-BRIE
95052;95260;BEAUMONT-SUR-OISE
91639;91820;VAYRES-SUR-ESSONNE
78278;78770;GOUPILLIERES
77118;77410;CLAYE-SOUILLY
94054;94310;ORLY
78020;78790;ARNOUVILLE-LES-MANTES
77380;77139;PUISIEUX
77183;77260;LA FERTE-SOUS-JOUARRE
95456;95270;NOISY-SUR-OISE
77165;77820;LES ECRENNES
78236;78910;FLEXANVILLE
91457;91290;LA NORVILLE
77065;77930;CELY
91494;91220;LE PLESSIS-PATE
95660;95570;VILLAINES-SOUS-BOIS
78160;78460;CHEVREUSE
77467;77130;LA TOMBE
95452;95590;NOINTEL
77347;77134;LES ORMES-SUR-VOULZIE
78621;78190;TRAPPES
78384;78670;MEDAN
91175;91410;CORBREUSE
91330;91510;LARDY
95028;95570;ATTAINVILLE
91631;91480;VARENNES-JARCY
95141;95420;CHARMONT
78030;78610;AUFFARGIS
77336;77610;NEUFMOUTIERS-EN-BRIE
77311;77520;MONTIGNY-LENCOUP
94046;94700;MAISONS-ALFORT
77520;77760;VILLIERS-SOUS-GREZ
95219;95120;ERMONT
93074;93410;VAUJOURS
92020;92320;CHATILLON
77504;77710;VILLEMARECHAL
77085;77600;CHANTELOUP-EN-BRIE
77211;77720;GRANDPUITS-BAILLY-CARROIS
78520;78550;RICHEBOURG
91461;91340;OLLAINVILLE
91044;91160;BALLAINVILLIERS
95197;95170;DEUIL-LA-BARRE
91079;91690;BOISSY-LA-RIVIERE
77162;77510;DOUE
77259;77230;LONGPERRIER
92004;92600;ASNIERES-SUR-SEINE
95633;95500;VAUDHERLAND
77400;77515;SAINT-AUGUSTIN
94058;94170;LE PERREUX-SUR-MARNE
77289;77171;MELZ-SUR-SEINE
78217;78680;EPONE
91136;91160;CHAMPLAN
95682;95720;VILLIERS-LE-SEC
95610;95450;THEMERICOURT
78053;78910;BEHOUST
91326;91260;JUVISY-SUR-ORGE
78681;78770;VILLIERS-LE-MAHIEU
77138;77390;COURTOMER
77236;77480;JAULNES
78344;78270;LOMMOYE
77148;77840;CROUY-SUR-OURCQ
77089;77370;LA CHAPELLE-RABLAIS
77477;77760;URY
78003;78660;ABLIS
95584;95640;SANTEUIL
77066;77320;CERNEUX
77448;77260;SEPT-SORTS
77386;77760;RECLOSES
92025;92700;COLOMBES
77255;77000;LIVRY-SUR-SEINE
77418;77650;SAINT-LOUP-DE-NAUD
77018;77700;BAILLY-ROMAINVILLIERS
91112;91150;BROUY
78245;78200;FONTENAY-MAUVOISIN
77325;77480;MOUY-SUR-SEINE
75109;75009;PARIS-9E-ARRONDISSEMENT
77168;77620;EGREVILLE
77372;77400;POMPONNE
77045;77570;BOUGLIGNY
94003;94110;ARCUEIL
77430;77178;SAINT-PATHUS
77412;77930;SAINT-GERMAIN-SUR-ECOLE
95598;95230;SOISY-SOUS-MONTMORENCY
77040;77310;BOISSISE-LE-ROI
77125;77450;CONDE-SAINTE-LIBIAIRE
77450;77170;SERVON
91463;91490;ONCY-SUR-ECOLE
91332;91630;LEUDEVILLE
78383;78310;MAUREPAS
95039;95430;AUVERS-SUR-OISE
77273;77230;MARCHEMORET
92071;92330;SCEAUX
95480;95620;PARMAIN
77480;77830;VALENCE-EN-BRIE
78092;78380;BOUGIVAL
78416;78440;MONTALET-LE-BOIS
78077;78125;LA BOISSIERE-ECOLE
77140;77154;COUTENCON
91103;91220;BRETIGNY-SUR-ORGE
77143;77124;CREGY-LES-MEAUX
77176;77515;FAREMOUTIERS
95288;95410;GROSLAY
77071;77460;CHAINTREAUX
77297;77570;MONDREVILLE
78606;78113;LE TARTRE-GAUDRAN
91667;91360;VILLEMOISSON-SUR-ORGE
77228;77510;HONDEVILLIERS
91507;91720;PRUNAY-SUR-ESSONNE
78124;78420;CARRIERES-SUR-SEINE
78269;78125;GAZERAN
77062;77400;CARNETIN
78372;78160;MARLY-LE-ROI
77053;77170;BRIE-COMTE-ROBERT
77128;77860;COUILLY-PONT-AUX-DAMES
93008;93000;BOBIGNY
78505;78910;PRUNAY-LE-TEMPLE
77204;77840;GERMIGNY-SOUS-COULOMBS
95241;95190;FONTENAY-EN-PARISIS
94018;94220;CHARENTON-LE-PONT
91546;91410;SAINT-CYR-SOUS-DOURDAN
91629;91720;VALPUISEAUX
77363;77181;LE PIN
75110;75010;PARIS-10E-ARRONDISSEMENT
92063;92500;RUEIL-MALMAISON
91340;91090;LISSES
77308;77230;MONTGE-EN-GOELE
91182;91080;COURCOURONNES
95680;95400;VILLIERS-LE-BEL
78190;78290;CROISSY-SUR-SEINE
75116;75016;PARIS-16E-ARRONDISSEMENT
77371;77515;POMMEUSE
78296;78440;GUITRANCOURT
91434;91390;MORSANG-SUR-ORGE
92044;92300;LEVALLOIS-PERRET
77390;77680;ROISSY-EN-BRIE
77530;77560;VOULTON
78125;78720;LA CELLE-LES-BORDES
77309;77122;MONTHYON
78108;78610;LES BREVIAIRES
93015;93470;COUBRON
91657;91270;VIGNEUX-SUR-SEINE
77424;77320;SAINT-MARTIN-DU-BOSCHET
77396;77560;RUPEREUX
78321;78760;JOUARS-PONTCHARTRAIN
77031;77540;BERNAY-VILBERT
77285;77350;LE MEE-SUR-SEINE
92033;92380;GARCHES
77155;77400;DAMPMART
95134;95660;CHAMPAGNE-SUR-OISE
77388;77260;REUIL-EN-BRIE
92019;92290;CHATENAY-MALABRY
77498;77450;VIGNELY
78349;78730;LONGVILLIERS
95535;95450;SAGY
91248;91150;LA FORET-SAINTE-CROIX
77108;77500;CHELLES
91225;91450;ETIOLLES
78311;78800;HOUILLES
95169;95450;COMMENY
95054;95750;LE BELLAY-EN-VEXIN
77220;77760;GUERCHEVILLE
95500;95000/95300;PONTOISE
77511;77230;VILLENEUVE-SOUS-DAMMARTIN
78522;78730;ROCHEFORT-EN-YVELINES
77272;77370;MAISON-ROUGE
77383;77370;RAMPILLON
95491;95130;LE PLESSIS-BOUCHARD
91226;91580;ETRECHY
78591;78790;SEPTEUIL
78410;78840;MOISSON
93013;93350;LE BOURGET
91408;91490;MOIGNY-SUR-ECOLE
91080;91590;BOISSY-LE-CUTTE
95592;95450;SERAINCOURT
77033;77970;BEZALLES
77013;77120;AULNOY
77432;77320;SAINT-REMY-LA-VANNE
91473;91590;ORVEAU
95641;95470;VEMARS
77407;77310;SAINT-FARGEAU-PONTHIERRY
95487;95340;PERSAN
95055;95270;BELLEFONTAINE
77305;77130;MONTEREAU-FAULT-YONNE
77500;77710;VILLEBEON
77028;77120;BEAUTHEIL
78251;78112;FOURQUEUX
77104;77610;CHATRES
78397;78320;LE MESNIL-SAINT-DENIS
77241;77230;JUILLY
92023;92140;CLAMART
78516;78125;RAIZEUX
77457;77111;SOLERS
92049;92120;MONTROUGE
91425;91310;MONTLHERY
93048;93100;MONTREUIL
91521;91130;RIS-ORANGIS
77514;77270;VILLEPARISIS
77227;77114;HERME
95154;95380;CHENNEVIERES-LES-LOUVRES
91617;91250;TIGERY
78281;78930;GOUSSONVILLE
95210;95880;ENGHIEN-LES-BAINS
95229;95460;EZANVILLE
77136;77390;COURQUETAINE
95594;95270;SEUGY
77023;77910;BARCY
77058;77600;BUSSY-SAINT-GEORGES
91293;91590;GUIGNEVILLE-SUR-ESSONNE
77120;77440;COCHEREL
77194;77130;FORGES
78402;78970;MEZIERES-SUR-SEINE
95101;95710;BRAY-ET-LU
77261;77710;LORREZ-LE-BOCAGE-PREAUX
77001;77760;ACHERES-LA-FORET
77401;77260;SAINTE-AULDE
75102;75002;PARIS-2E-ARRONDISSEMENT
75111;75011;PARIS-11E-ARRONDISSEMENT
78561;78470;SAINT-LAMBERT
95395;95720;LE MESNIL-AUBRY
91679;91190;VILLIERS-LE-BACLE
78262;78490;GALLUIS
77282;77990;MAUREGARD
95304;95690;HEDOUVILLE
77019;77118;BALLOY
91095;91850;BOURAY-SUR-JUINE
91414;91930;MONNERVILLE
91661;91140;VILLEBON-SUR-YVETTE
78650;78110;LE VESINET
77460;77440;TANCROU
78238;78410;FLINS-SUR-SEINE
92012;92100;BOULOGNE-BILLANCOURT
78475;78910;OSMOY
91477;91120;PALAISEAU
77471;77123;TOUSSON
95436;95260;MOURS
91114;91800;BRUNOY
91109;91150;BRIERES-LES-SCELLES
95295;95450;GUIRY-EN-VEXIN
77070;77120;CHAILLY-EN-BRIE
75119;75019;PARIS-19E-ARRONDISSEMENT
95012;95510;AMENUCOURT
95063;95870;BEZONS
75120;75020;PARIS-20E-ARRONDISSEMENT
77096;77590;CHARTRETTES
77060;77760;BUTHIERS
77486;77141;VAUDOY-EN-BRIE
78299;78250;HARDRICOURT
95489;95350;PISCOP
77003;77760;AMPONVILLE
77254;77220;LIVERDY-EN-BRIE
77245;77148;LAVAL-EN-BRIE
77491;77250;VENEUX-LES-SABLONS
77002;77120;AMILLIS
77196;77410;FRESNES-SUR-MARNE
77224;77515;HAUTEFEUILLE
93059;93380;PIERREFITTE-SUR-SEINE
77411;77169;SAINT-GERMAIN-SOUS-DOUE
77454;77520;SOGNOLLES-EN-MONTOIS
77416;77370;SAINT-JUST-EN-BRIE
91064;91570;BIEVRES
95566;95270;SAINT-MARTIN-DU-TERTRE
91534;91400;SACLAY
77365;77540;LE PLESSIS-FEU-AUSSOUX
91017;91470;ANGERVILLIERS
77427;77410;SAINT-MESMES
77420;77230;SAINT-MARD
95459;95420;NUCOURT
77027;77890;BEAUMONT-DU-GATINAIS
93033;93460;GOURNAY-SUR-MARNE
77358;77124;PENCHARD
78006;78113;ADAINVILLE
95250;95470;FOSSES
95392;95630;MERIEL
95211;95300;ENNERY
91244;91540;FONTENAY-LE-VICOMTE
77150;77165;CUISY
77117;77730;CITRY
77075;77144;CHALIFERT
77022;77630;BARBIZON
78265;78890;GARANCIERES
94071;94370;SUCY-EN-BRIE
91411;91470;LES MOLIERES
78096;78113;BOURDONNE
95676;95510;VILLERS-EN-ARTHIES
78152;78450;CHAVENAY
95483;95450;LE PERCHAY
78034;78770;AUTEUIL
91235;91700;FLEURY-MEROGIS
77337;77186;NOISIEL
77004;77390;ANDREZEL
77048;77780;BOURRON-MARLOTTE
77476;77440;TROCY-EN-MULTIEN
91121;91720;BUNO-BONNEVAUX
78082;78200;BOISSY-MAUVOISIN
77271;77570;MAISONCELLES-EN-GATINAIS
78440;78130;LES MUREAUX
78164;78120;CLAIREFONTAINE-EN-YVELINES
92046;92240;MALAKOFF
77159;77520;DONNEMARIE-DONTILLY
95539;95350;SAINT-BRICE-SOUS-FORET
77410;77950;SAINT-GERMAIN-LAXIS
77084;77660;CHANGIS-SUR-MARNE
78403;78250;MEZY-SUR-SEINE
77037;77590;BOIS-LE-ROI
78655;78125;VIEILLE-EGLISE-EN-YVELINES
91180;91490;COURANCES
77226;77850;HERICY
95166;95420;CLERY-EN-VEXIN
78455;78590;NOISY-LE-ROI
77257;77440;LIZY-SUR-OURCQ
91544;91690;SAINT-CYR-LA-RIVIERE
78356;78114;MAGNY-LES-HAMEAUX
91130;91780;CHALO-SAINT-MARS
95142;95750;CHARS
77377;77220;PRESLES-EN-BRIE
77212;77118;GRAVON
78255;78840;FRENEUSE
93014;93390;CLICHY-SOUS-BOIS
91179;91830;LE COUDRAY-MONTCEAUX
91405;91490;MILLY-LA-FORET
91081;91870;BOISSY-LE-SEC
92035;92250;LA GARENNE-COLOMBES
77063;77515;LA CELLE-SUR-MORIN
77234;77450;JABLINES
77495;77240;VERT-SAINT-DENIS
77088;77760;LA CHAPELLE-LA-REINE
91333;91310;LEUVILLE-SUR-ORGE
78618;78790;TILLY
91533;91690;SACLAS
93007;93150;LE BLANC-MESNIL
91649;91710;VERT-LE-PETIT
77209;77400;GOUVERNES
77258;77185;LOGNES
77123;77290;COMPANS
78499;78730;PONTHEVRARD
77342;77890;OBSONVILLE
95258;95690;FROUVILLE
77177;77220;FAVIERES
91148;91580;CHAUFFOUR-LES-ETRECHY
77081;77390;CHAMPDEUIL
91662;91580;VILLECONIN
77389;77000;LA ROCHETTE
78423;78180;MONTIGNY-LE-BRETONNEUX
75103;75003;PARIS-3E-ARRONDISSEMENT
77320;77120;MOUROUX
77361;77580;PIERRE-LEVEE
77360;77131;PEZARCHES
78118;78200;BUCHELAY
78362;78711;MANTES-LA-VILLE
77352;77390;OZOUER-LE-VOULGIS
95352;95270;LUZARCHES
77038;77350;BOISSETTES
78642;78480;VERNEUIL-SUR-SEINE
77200;77890;GARENTREVILLE
77193;77165;FORFRY
91689;91320;WISSOUS
95313;95290;L'ISLE-ADAM
95574;95390;SAINT-PRIX
78367;78750;MAREIL-MARLY
75106;75006;PARIS-6E-ARRONDISSEMENT
78557;78125;SAINT-HILARION
93047;93370;MONTFERMEIL
77301;77151;MONTCEAUX-LES-PROVINS
91692;91940;LES ULIS
77182;77320;LA FERTE-GAUCHER
91037;91830;AUVERNAUX
95652;95270;VIARMES
77142;77580;CRECY-LA-CHAPELLE
78484;78200;PERDREAUVILLE
93031;93800;EPINAY-SUR-SEINE
78517;78120;RAMBOUILLET
78396;78600;LE MESNIL-LE-ROI
91159;91750;CHEVANNES
95301;95780;HAUTE-ISLE
78072;78200;BOINVILLIERS
77343;77440;OCQUERRE
91069;91720;BOIGNEVILLE
91666;91140;VILLEJUST
95331;95270;LASSY
78466;78630;ORGEVAL
95157;95510;CHERENCE
77379;77160;PROVINS
91635;91430;VAUHALLAN
93032;93220;GAGNY
75115;75015;PARIS-15E-ARRONDISSEMENT
92072;92310;SEVRES
77513;77124;VILLENOY
78048;78550;BAZAINVILLE
95627;95810;VALLANGOUJARD
91600;91450;SOISY-SUR-SEINE
77316;77250;MORET-SUR-LOING
77171;77450;ESBLY
93071;93270;SEVRAN
78609;78250;TESSANCOURT-SUR-AUBETTE
95046;95420;BANTHELU
91540;91530;SAINT-CHERON
93039;93450;L'ILE-SAINT-DENIS
77188;77590;FONTAINE-LE-PORT
95018;95100;ARGENTEUIL
77447;77240;SEINE-PORT
78126;78170;LA CELLE-SAINT-CLOUD
77145;77390;CRISENOY
95611;95810;THEUVILLE
95675;95380;VILLERON
78192;78111;DAMMARTIN-EN-SERVE
78503;78270;PORT-VILLEZ
77323;77230;MOUSSY-LE-VIEUX
78172;78700;CONFLANS-SAINTE-HONORINE
92062;92800;PUTEAUX
91685;91700;VILLIERS-SUR-ORGE
77350;77330;OZOIR-LA-FERRIERE
95094;95720;BOUQUEVAL
95280;95190;GOUSSAINVILLE
91549;91700;SAINTE-GENEVIEVE-DES-BOIS
94004;94470;BOISSY-SAINT-LEGER
95120;95430;BUTRY-SUR-OISE
77244;77760;LARCHANT
77172;77940;ESMANS
78524;78150;ROCQUENCOURT
91093;91470;BOULLAY-LES-TROUX
77438;77400;SAINT-THIBAULT-DES-VIGNES
95328;95690;LABBEVILLE
77345;77750;ORLY-SUR-MORIN
78264;78490;GAMBAISEUIL
77445;77176;SAVIGNY-LE-TEMPLE
94052;94130;NOGENT-SUR-MARNE
78325;78580;JUMEAUVILLE
77268;77700;MAGNY-LE-HONGRE
77047;77580;BOULEURS
78290;78520;GUERNES
77191;77370;FONTENAILLES
77341;77114;NOYEN-SUR-SEINE
77051;77480;BRAY-SUR-SEINE
77274;77139;MARCILLY
77186;77300;FONTAINEBLEAU
77283;77145;MAY-EN-MULTIEN
91135;91750;CHAMPCUEIL
91319;91640;JANVRY
77369;77470;POINCY
78415;78124;MONTAINVILLE
95510;95650;PUISEUX-PONTOISE
78104;78930;BREUIL-BOIS-ROBERT
78470;78125;ORPHIN
93010;93140;BONDY
77367;77440;LE PLESSIS-PLACY
92064;92210;SAINT-CLOUD
77163;77139;DOUY-LA-RAMEE
94011;94380;BONNEUIL-SUR-MARNE
77144;77610;CREVECOEUR-EN-BRIE
91556;91780;SAINT-HILAIRE
78231;78200;FAVRIEUX
95014;95580;ANDILLY
93079;93430;VILLETANEUSE
77266;77133;MACHAULT
77015;77480;BABY
78361;78200;MANTES-LA-JOLIE
92002;92160;ANTONY
91587;91160;SAULX-LES-CHARTREUX
78528;78270;ROLLEBOISE
95177;95830;CORMEILLES-EN-VEXIN
94048;94440;MAROLLES-EN-BRIE
77472;77510;LA TRETOIRE
95051;95250;BEAUCHAMP
78653;78490;VICQ
77479;77360;VAIRES-SUR-MARNE
95394;95540;MERY-SUR-OISE
77353;77710;PALEY
78036;78770;AUTOUILLET
78536;78440;SAILLY
77251;77127;LIEUSAINT
78343;78350;LES LOGES-EN-JOSAS
91156;91630;CHEPTAINVILLE
77135;77540;COURPALAY
91547;91410;SAINT-ESCOBILLE
95011;95710;AMBLEVILLE
94065;94150;RUNGIS
75108;75008;PARIS-8E-ARRONDISSEMENT
95002;95450;ABLEIGES
91207;91520;EGLY
95580;95470;SAINT-WITZ
77435;77930;SAINT-SAUVEUR-SUR-ECOLE
77344;77178;OISSERY
78307;78125;HERMERAY
78531;78710;ROSNY-SUR-SEINE
92024;92110;CLICHY
78537;78730;SAINT-ARNOULT-EN-YVELINES
77458;77460;SOUPPES-SUR-LOING
77225;77580;LA HAUTE-MAISON
77080;77560;CHAMPCENEST
75113;75013;PARIS-13E-ARRONDISSEMENT
77505;77470;VILLEMAREUIL
77404;77650;SAINTE-COLOMBE
77421;77320;SAINT-MARS-VIEUX-MAISONS
91216;91360;EPINAY-SUR-ORGE
93077;93250;VILLEMOMBLE
77464;77400;THORIGNY-SUR-MARNE
77269;77950;MAINCY
91195;91490;DANNEMOIS
95424;95370;MONTIGNY-LES-CORMEILLES
78576;78690;SAINT-REMY-L'HONORE
94015;94360;BRY-SUR-MARNE
78285;78550;GRESSEY
75112;75012;PARIS-12E-ARRONDISSEMENT
95348;95450;LONGUESSE
78443;78640;NEAUPHLE-LE-VIEUX
91573;91280;SAINT-PIERRE-DU-PERRAY
77034;77115;BLANDY
77042;77169;BOISSY-LE-CHATEL
94016;94230;CACHAN
78049;78580;BAZEMONT
77197;77320;FRETOY
78146;78400;CHATOU
78502;78560;LE PORT-MARLY
95151;95560;CHAUVRY
95585;95200;SARCELLES
77263;77520;LUISETAINES
95429;95770;MONTREUIL-SUR-EPTE
78194;78550;DANNEMARIE
78084;78490;BOISSY-SANS-AVOIR
78688;78960;VOISINS-LE-BRETONNEUX
75107;75007;PARIS-7E-ARRONDISSEMENT
95257;95530;LA FRETTE-SUR-SEINE
78163;78910;CIVRY-LA-FORET
77078;77260;CHAMIGNY
77451;77640;SIGNY-SIGNETS
77455;77111;SOIGNOLLES-EN-BRIE
94042;94340;JOINVILLE-LE-PONT
77098;77370;CHATEAUBLEAU
93029;93700;DRANCY
78431;78630;MORAINVILLIERS
77139;77181;COURTRY
78324;78200;JOUY-MAUVOISIN
92026;92400;COURBEVOIE
95509;95380;PUISEUX-EN-FRANCE
77099;77570;CHATEAU-LANDON
77284;77100;MEAUX
77300;77470;MONTCEAUX-LES-MEAUX
77127;77170;COUBERT
95078;95650;BOISSY-L'AILLERIE
95218;95610;ERAGNY
77475;77470;TRILPORT
91441;91750;NAINVILLE-LES-ROCHES
77052;77720;BREAU
77402;77320;SAINT-BARTHELEMY
91687;91170;VIRY-CHATILLON
77515;77410;VILLEROY
78364;78770;MARCQ
77146;77183;CROISSY-BEAUBOURG
77423;77320;SAINT-MARTIN-DES-CHAMPS
91482;91470;PECQUEUSE
77395;77760;RUMONT
93050;93330;NEUILLY-SUR-MARNE
78478;78660;PARAY-DOUAVILLE
94069;94410;SAINT-MAURICE
78513;78940;LA QUEUE-LES-YVELINES
75101;75001;PARIS-1ER-ARRONDISSEMENT
78071;78660;BOINVILLE-LE-GAILLARD
77114;77173;CHEVRY-COSSIGNY
77124;77600;CONCHES-SUR-GONDOIRE
77025;77118;BAZOCHES-LES-BRAY
78031;78930;AUFFREVILLE-BRASSEUIL
91191;91560;CROSNE
91001;91150;ABBEVILLE-LA-RIVIERE
78624;78510;TRIEL-SUR-SEINE
77222;77390;GUIGNES
77368;77160;POIGNY
93005;93600;AULNAY-SOUS-BOIS
95323;95280;JOUY-LE-MOUTIER
77415;77660;SAINT-JEAN-LES-DEUX-JUMEAUX
78601;78120;SONCHAMP
95430;95560;MONTSOULT
78567;78520;SAINT-MARTIN-LA-GARENNE
78358;78600;MAISONS-LAFFITTE
95024;95420;ARTHIES
94033;94120;FONTENAY-SOUS-BOIS
94002;94140;ALFORTVILLE
91111;91640;BRIIS-SOUS-FORGES
77326;77176;NANDY
77201;77370;GASTINS
78615;78850;THIVERVAL-GRIGNON
77073;77160;CHALAUTRE-LA-PETITE
77478;77260;USSY-SUR-MARNE
78120;78830;BULLION
92040;92130;ISSY-LES-MOULINEAUX
78401;78250;MEULAN-EN-YVELINES
77385;77510;REBAIS
95427;95360;MONTMAGNY
78575;78470;SAINT-REMY-LES-CHEVREUSE
77516;77130;VILLE-SAINT-JACQUES
77299;77250;MONTARLOT
78329;78440;LAINVILLE-EN-VEXIN
91339;91310;LINAS
93051;93160;NOISY-LE-GRAND
95651;95510;VETHEUIL
75105;75005;PARIS-5E-ARRONDISSEMENT
95379;95420;MAUDETOUR-EN-VEXIN
77312;77690;MONTIGNY-SUR-LOING
77012;77560;AUGERS-EN-BRIE
77199;77470;FUBLAINES
77158;77940;DIANT
95607;95150;TAVERNY
77509;77154;VILLENEUVE-LES-BORDES
77433;77120;SAINTS
91275;91940;GOMETZ-LE-CHATEL
77356;77480;PASSY-SUR-SEINE
95088;95500;BONNEUIL-EN-FRANCE
95422;95650;MONTGEROULT
91630;91530;LE VAL-SAINT-GERMAIN
94081;94400;VITRY-SUR-SEINE
77465;77940;THOURY-FEROTTES
78224;78620;L'ETANG-LA-VILLE
77534;77390;YEBLES
94079;94350;VILLIERS-SUR-MARNE
77006;77630;ARBONNE-LA-FORET
77524;77520;VIMPELLES
95256;95740;FREPILLON
94019;94430;CHENNEVIERES-SUR-MARNE
77164;77830;ECHOUBOULAINS
77398;77510;SABLONNIERES
77026;77560;BEAUCHERY-SAINT-MARTIN
95040;95450;AVERNES
78171;78113;CONDE-SUR-VESGRE
95252;95130;FRANCONVILLE
77517;77410;VILLEVAUDE
92014;92340;BOURG-LA-REINE
77217;77166;GRISY-SUISNES
77129;77840;COULOMBS-EN-VALOIS
77387;77710;REMAUVILLE
95270;95420;GENAINVILLE
78188;78270;CRAVENT
77210;77130;LA GRANDE-PAROISSE
78168;78310;COIGNIERES
78404;78940;MILLEMONT
77161;77130;DORMELLES
95170;95450;CONDECOURT
78407;78125;MITTAINVILLE
77403;77160;SAINT-BRICE
78068;78270;BLARU
77035;77940;BLENNES
91671;91580;VILLENEUVE-SUR-AUVERS
91222;91660;ESTOUCHES
77248;77450;LESCHES
77507;77480;VILLENAUXE-LA-PETITE
77077;77910;CHAMBRY
77425;77630;SAINT-MARTIN-EN-BIERE
78672;78670;VILLENNES-SUR-SEINE
78616;78770;THOIRY
91526;91150;ROINVILLIERS
78076;78910;BOISSETS
77527;77540;VOINSLES
94043;94270;LE KREMLIN-BICETRE
91099;91820;BOUTIGNY-SUR-ESSONNE
91022;91690;ARRANCOURT
77462;77230;THIEUX
78620;78117;TOUSSUS-LE-NOBLE
91435;91250;MORSANG-SUR-SEINE
78398;78490;LES MESNULS
91045;91610;BALLANCOURT-SUR-ESSONNE
91552;91180;SAINT-GERMAIN-LES-ARPAJON
77508;77174;VILLENEUVE-LE-COMTE
78530;78790;ROSAY
78337;78270;LIMETZ-VILLEZ
93027;93120;LA COURNEUVE
95058;95340;BERNES-SUR-OISE
91345;91160;LONGJUMEAU
78320;78270;JEUFOSSE
94056;94520;PERIGNY
94078;94190;VILLENEUVE-SAINT-GEORGES
91468;91540;ORMOY
77290;77730;MERY-SUR-MARNE
78322;78350;JOUY-EN-JOSAS
77307;77144;MONTEVRAIN
94067;94160;SAINT-MANDE
92075;92170;VANVES
77262;77560;LOUAN-VILLEGRUIS-FONTAINE
78123;78955;CARRIERES-SOUS-POISSY
77521;77580;VILLIERS-SUR-MORIN
95214;95270;EPINAY-CHAMPLATREUX
78073;78390;BOIS-D'ARCY
77335;77124;CHAUCONIN-NEUFMONTIERS
77501;77250;VILLECERF
91648;91810;VERT-LE-GRAND
77306;77950;MONTEREAU-SUR-LE-JARD
77087;77540;LA CHAPELLE-IGER
77246;77171;LECHELLE
77298;77520;MONS-EN-MONTOIS
78506;78660;PRUNAY-EN-YVELINES
91432;91420;MORANGIS
77474;77450;TRILBARDOU
95110;95640;BRIGNANCOURT
91312;91430;IGNY
95008;95510;AINCOURT
95139;95420;LA CHAPELLE-EN-VEXIN
77452;77520;SIGY
77392;77230;ROUVRES
77010;77720;AUBEPIERRE-OZOUER-LE-REPOS
77394;77950;RUBELLES
93055;93500;PANTIN
91393;91780;MEROBERT
92007;92220;BAGNEUX
78646;78000;VERSAILLES
91145;91410;CHATIGNONVILLE
77440;77260;SAMMERON
92073;92150;SURESNES
91433;91150;MORIGNY-CHAMPIGNY
78391;78270;MERICOURT
94074;94460;VALENTON
77446;77650;SAVINS
91613;91740;CONGERVILLE-THIONVILLE
91315;91760;ITTEVILLE
77091;77610;LES CHAPELLES-BOURBON
77011;77570;AUFFERVILLE
77313;77940;MONTMACHOUX
91274;91400;GOMETZ-LA-VILLE
93045;93260;LES LILAS
78413;78980;MONDREVILLE
78089;78270;BONNIERES-SUR-SEINE
94021;94550;CHEVILLY-LARUE
77293;77130;MISY-SUR-YONNE
78009;78660;ALLAINVILLE
91634;91640;VAUGRIGNEUSE
77357;77970;PECY
94053;94880;NOISEAU
77122;77380;COMBS-LA-VILLE
91075;91150;BOIS-HERPIN
78551;78100;SAINT-GERMAIN-EN-LAYE
95529;95340;RONQUEROLLES
92022;92370;CHAVILLE
95554;95420;SAINT-GERVAIS
77276;77100;MAREUIL-LES-MEAUX
78283;78113;GRANDCHAMP
95213;95810;EPIAIS-RHUS
77434;77480;SAINT-SAUVEUR-LES-BRAY
78158;78150;LE CHESNAY
95555;95210;SAINT-GRATIEN
78548;78720;SAINT-FORGET
95282;95450;GOUZANGREZ
78439;78790;MULCENT
78350;78430;LOUVECIENNES
77468;77200;TORCY
78380;78580;MAULE
78335;78520;LIMAY
77489;77710;VAUX-SUR-LUNAIN
77443;77580;SANCY
78227;78740;EVECQUEMONT
94037;94250;GENTILLY
78015;78570;ANDRESY
91223;91150;ETAMPES
77100;77820;LE CHATELET-EN-BRIE
78113;78440;BRUEIL-EN-VEXIN
77270;77580;MAISONCELLES-EN-BRIE
77523;77480;VILLUIS
77409;77130;SAINT-GERMAIN-LAVAL
77095;77410;CHARNY
91292;91630;GUIBEVILLE
78202;78440;DROCOURT
77232;77450;ISLES-LES-VILLENOY
78562;78610;SAINT-LEGER-EN-YVELINES
77170;77250;EPISY
77185;77930;FLEURY-EN-BIERE
77039;77350;BOISSISE-LA-BERTRAND
95541;95770;SAINT-CLAIR-SUR-EPTE
95582;95110;SANNOIS
95308;95300;HEROUVILLE
91479;91550;PARAY-VIEILLE-POSTE
78289;78490;GROSROUVRE
95388;95180;MENUCOURT
91067;91150;BLANDY
78647;78930;VERT
91249;91470;FORGES-LES-BAINS
91228;91000;EVRY
77338;77940;NOISY-RUDIGNON
91294;91690;GUILLERVAL
91137;91150;CHAMPMOTTEUX
78143;78117;CHATEAUFORT
91204;91540;ECHARCON
77469;77131;TOUQUIN
95523;95780;LA ROCHE-GUYON
77221;77600;GUERMANTES
77428;77720;SAINT-OUEN-EN-BRIE
77083;77420;CHAMPS-SUR-MARNE
91098;91150;BOUTERVILLIERS
95026;95270;ASNIERES-SUR-OISE
91122;91440;BURES-SUR-YVETTE
78486;78610;LE PERRAY-EN-YVELINES
91184;91720;COURDIMANCHE-SUR-ESSONNE
77179;77133;FERICY
77205;77165;GESVRES-LE-CHAPITRE
78242;78330;FONTENAY-LE-FLEURY
78588;78650;SAULX-MARCHAIS
77391;77160;ROUILLY
77481;77370;VANVILLE
95176;95240;CORMEILLES-EN-PARISIS
78420;78490;MONTFORT-L'AMAURY
78385;78200;MENERVILLE
94034;94260;FRESNES
91508;91150;PUISELET-LE-MARAIS
77304;77320;MONTENILS
95690;95420;WY-DIT-JOLI-VILLAGE
78381;78550;MAULETTE
77278;77120;MAROLLES-EN-BRIE
77466;77163;TIGEAUX
94068;94100/94210;SAINT-MAUR-DES-FOSSES
77406;77510;SAINT-DENIS-LES-REBAIS
95438;95640;MOUSSY
78029;78410;AUBERGENVILLE
77009;77890;ARVILLE
78597;78200;SOINDRES
78643;78540;VERNOUILLET
95612;95500;LE THILLAY
77370;77167;POLIGNY
78189;78121;CRESPIERES
77169;77184;EMERAINVILLE
92078;92390;VILLENEUVE-LA-GARENNE
78464;78125;ORCEMONT
93062;93340;LE RAINCY
77203;77910;GERMIGNY-L'EVEQUE
77331;77730;NANTEUIL-SUR-MARNE
91458;91620;NOZAY
77330;77100;NANTEUIL-LES-MEAUX
78460;78250;OINVILLE-SUR-MONTCIENT
95116;95820;BRUYERES-SUR-OISE
95253;95450;FREMAINVILLE
91469;91150;ORMOY-LA-RIVIERE
77295;77950;MOISENAY
91105;91650;BREUILLET
78683;78640;VILLIERS-SAINT-FREDERIC
91347;91310;LONGPONT-SUR-ORGE
77426;77720;SAINT-MERY
95306;95220;HERBLAY
95446;95690;NESLES-LA-VALLEE
78263;78950;GAMBAIS
77314;77320;MONTOLIVET
95127;95000/95800;CERGY
78490;78370;PLAISIR
93070;93400;SAINT-OUEN
77218;77480;GRISY-SUR-SEINE
75118;75018;PARIS-18E-ARRONDISSEMENT
77110;77570;CHENOU
77431;77140;SAINT-PIERRE-LES-NEMOURS
77484;77580;VAUCOURTOIS
77492;77510;VERDELOT
92076;92420;VAUCRESSON
93001;93300;AUBERVILLIERS
95409;95570;MOISSELLES
95488;95480;PIERRELAYE
78043;78870;BAILLY
77439;77148;SALINS
77152;77190;DAMMARIE-LES-LYS
78193;78720;DAMPIERRE-EN-YVELINES
77044;77720;BOMBON
77093;77320;LA CHAPELLE-MOUTILS
77522;77114;VILLIERS-SUR-SEINE
91602;91580;SOUZY-LA-BRICHE
78559;78980;SAINT-ILLIERS-LE-BOIS
78196;78810;DAVRON
95183;95800;COURDIMANCHE
77141;77580;COUTEVROULT
77453;77115;SIVRY-COURTRY
77364;77165;LE PLESSIS-AUX-BOIS
78382;78780;MAURECOURT
95149;95270;CHAUMONTEL
91086;91070;BONDOUFLE
77470;77220;TOURNAN-EN-BRIE
77195;77390;FOUJU
78117;78530;BUC
78062;78650;BEYNES
77237;77600;JOSSIGNY
78314;78440;ISSOU
77206;77120;GIREMOUTIERS
95426;95680;MONTLIGNON
78389;78490;MERE
77528;77950;VOISENON
91200;91410;DOURDAN
78451;78410;NEZEL
77107;77390;CHAUMES-EN-BRIE
78366;78490;MAREIL-LE-GUYON
78107;78980;BREVAL
92036;92230;GENNEVILLIERS
78209;78125;EMANCE
77260;77650;LONGUEVILLE
77173;77139;ETREPILLY
95492;95720;LE PLESSIS-GASSOT
91232;91590;LA FERTE-ALAIS
77055;77177;BROU-SUR-CHANTEREINE
77137;77560;COURTACON
77510;77174;VILLENEUVE-SAINT-DENIS
77219;77580;GUERARD
78206;78920;ECQUEVILLY
78638;78740;VAUX-SUR-SEINE
77121;77090;COLLEGIEN
91106;91650;BREUX-JOUY
78005;78260;ACHERES
78354;78200;MAGNANVILLE
77008;77440;ARMENTIERES-EN-BRIE
92077;92410;VILLE-D'AVRAY
78569;78730;SAINTE-MESME
95353;95560;MAFFLIERS
78070;78930;BOINVILLE-EN-MANTOIS
95268;95140;GARGES-LES-GONESSE
78442;78640;NEAUPHLE-LE-CHATEAU
91593;91530;SERMAISE
77275;77560;LES MARETS
78208;78990;ELANCOURT
77286;77520;MEIGNEUX
77131;77120;COULOMMIERS
91654;91890;VIDELLES
93006;93170;BAGNOLET
77149;77160;CUCHARMOY
77134;77560;COURCHAMP
77531;77940;VOULX
77405;77750;SAINT-CYR-SUR-MORIN
77277;77610;MARLES-EN-BRIE
92047;92430;MARNES-LA-COQUETTE
77287;77320;MEILLERAY
93073;93290;TREMBLAY-EN-FRANCE
78007;78240;AIGREMONT
91338;91470;LIMOURS
78668;78270;LA VILLENEUVE-EN-CHEVRIE
91097;91800;BOUSSY-SAINT-ANTOINE
77348;77167;ORMESSON
78185;78790;COURGENT
77494;77670;VERNOU-LA-CELLE-SUR-SEINE
78057;78270;BENNECOURT
77493;77390;VERNEUIL-L'ETANG
95476;95520;OSNY
91363;91460;MARCOUSSIS
77180;77150;FEROLLES-ATTILLY
77366;77165;LE PLESSIS-L'EVEQUE
78497;78125;POIGNY-LA-FORET
75104;75004;PARIS-4E-ARRONDISSEMENT
77111;77700;CHESSY
77483;77910;VARREDDES
94059;94420;LE PLESSIS-TREVISE
77079;77430;CHAMPAGNE-SUR-SEINE
77303;77320;MONTDAUPHIN
77059;77600;BUSSY-SAINT-MARTIN
91577;91250;SAINTRY-SUR-SEINE
95091;95570;BOUFFEMONT
95061;95840;BETHEMONT-LA-FORET
91284;91410;LES GRANGES-LE-ROI
77046;77760;BOULANCOURT
95637;95490;VAUREAL
77328;77760;NANTEAU-SUR-ESSONNE
92060;92350;LE PLESSIS-ROBINSON
78138;78570;CHANTELOUP-LES-VIGNES
77339;77123;NOISY-SUR-ECOLE
77192;77610;FONTENAY-TRESIGNY
77242;77650;JUTIGNY
77113;77320;CHEVRU
77397;77730;SAACY-SUR-MARNE
77166;77250;ECUELLES
77208;77114;GOUAIX
94028;94000;CRETEIL
77057;77750;BUSSIERES
77441;77920;SAMOIS-SUR-SEINE
77223;77520;GURCY-LE-CHATEL
91359;91720;MAISSE
77020;77970;BANNOST-VILLEGAGNON
78050;78490;BAZOCHES-SUR-GUYONNE
78310;78550;HOUDAN
78564;78660;SAINT-MARTIN-DE-BRETHENCOURT
91161;91380;CHILLY-MAZARIN
93030;93440;DUGNY
78558;78980;SAINT-ILLIERS-LA-VILLE
93064;93110;ROSNY-SOUS-BOIS
77327;77370;NANGIS
77280;77440;MARY-SUR-MARNE
78608;78980;LE TERTRE-SAINT-DENIS
77239;77970;JOUY-LE-CHATEL
91421;91230;MONTGERON
95428;95160;MONTMORENCY
93063;93230;ROMAINVILLE
91568;91530;SAINT-MAURICE-MONTCOURONNE
78165;78340;LES CLAYES-SOUS-BOIS
95259;95450;GADANCOURT
91560;91940;SAINT-JEAN-DE-BEAUREGARD
91272;91190;GIF-SUR-YVETTE
77115;77710;CHEVRY-EN-SEREINE
77291;77990;LE MESNIL-AMELOT
77076;77650;CHALMAISON
77054;77940;LA BROSSE-MONTCEAUX
78302;78113;LA HAUTEVILLE
77373;77340;PONTAULT-COMBAULT
77154;77163;DAMMARTIN-SUR-TIGEAUX
94080;94300;VINCENNES
91186;91680;COURSON-MONTELOUP
77069;77930;CHAILLY-EN-BIERE
91578;91910;SAINT-SULPICE-DE-FAVIERES
77302;77140;MONTCOURT-FROMONVILLE
77332;77230;NANTOUILLET
78501;78440;PORCHEVILLE
94044;94450;LIMEIL-BREVANNES
77378;77310;PRINGY
95059;95810;BERVILLE
95060;95550;BESSANCOURT
77247;77320;LESCHEROLLES
91525;91410;ROINVILLE
94076;94800;VILLEJUIF
77340;77140;NONVILLE
78550;78640;SAINT-GERMAIN-DE-LA-GRANGE
77109;77160;CHENOISE
78305;78580;HERBEVILLE
94022;94600;CHOISY-LE-ROI
77005;77410;ANNET-SUR-MARNE
95625;95450;US
77050;77620;BRANSLES
77072;77171;CHALAUTRE-LA-GRANDE
78276;78270;GOMMECOURT
77049;77470;BOUTIGNY
77014;77210;AVON
75117;75017;PARIS-17E-ARRONDISSEMENT
77526;77139;VINCY-MANOEUVRE
77024;77750;BASSEVELLE
91376;91630;MAROLLES-EN-HUREPOIX
77097;77320;CHARTRONGES
77178;77167;FAY-LES-NEMOURS
94077;94290;VILLENEUVE-LE-ROI
77036;77970;BOISDON
91665;91620;LA VILLE-DU-BOIS
77156;77140;DARVAULT
77174;77157;EVERLY
95277;95500;GONESSE
78261;78250;GAILLON-SUR-MONTCIENT
92048;92190/92360;MEUDON
91041;91630;AVRAINVILLE
78233;78810;FEUCHEROLLES
95102;95640;BREANCON
77319;77160;MORTERY
91240;91690;FONTAINE-LA-RIVIERE
77399;77710;SAINT-ANGE-LE-VIEL
91021;91290;ARPAJON
78518;78590;RENNEMOULIN
77512;77510;VILLENEUVE-SUR-BELLOT
95309;95420;HODENT
77233;77165;IVERNY
77533;77870;VULAINES-SUR-SEINE
77354;77830;PAMFOU
77068;77520;CESSOY-EN-MONTOIS
93078;93420;VILLEPINTE
77061;77130;CANNES-ECLUSE
78677;78930;VILLETTE
95493;95270;LE PLESSIS-LUZARCHES
77281;77120;MAUPERTHUIS
77198;77760;FROMONT
95678;95840;VILLIERS-ADAM
91243;91640;FONTENAY-LES-BRIIS
77090;77160;LA CHAPELLE-SAINT-SULPICE
78239;78520;FOLLAINVILLE-DENNEMONT
77381;77720;QUIERS
78237;78790;FLINS-NEUVE-EGLISE
78013;78770;ANDELU
77157;77440;DHUISY
93072;93240;STAINS
91131;91740;CHALOU-MOULINEUX
77456;77650;SOISY-BOUY
91553;91250;SAINT-GERMAIN-LES-CORBEIL
92032;92260;FONTENAY-AUX-ROSES
77030;77510;BELLOT
77382;77860;QUINCY-VOISINS
91247;91410;LA FORET-LE-ROI
77086;77720;LA CHAPELLE-GAUTHIER
91215;91860;EPINAY-SOUS-SENART
77296;77550;MOISSY-CRAMAYEL
77463;77810;THOMERY
77265;77138;LUZANCY
95119;95770;BUHY
77473;77710;TREUZY-LEVELAY
77294;77290;MITRY-MORY
78300;78790;HARGEVILLE
78327;78820;JUZIERS
77102;77167;CHATENOY
77288;77000;MELUN
91047;91590;BAULNE
78418;78360;MONTESSON
95371;95670;MARLY-LA-VILLE
91027;91200;ATHIS-MONS
78291;78930;GUERVILLE
78090;78410;BOUAFLE
77393;77540;ROZAY-EN-BRIE
78545;78210;SAINT-CYR-L'ECOLE
91129;91590;CERNY
91016;91670;ANGERVILLE
77029;77390;BEAUVOIR
77252;77550;LIMOGES-FOURCHES
78644;78320;LA VERRIERE
78317;78440;JAMBVILLE
78605;78910;TACOIGNIERES
78674;78450;VILLEPREUX
77082;77720;CHAMPEAUX
91132;91730;CHAMARANDE
77449;77700;SERRIS
93046;93190;LIVRY-GARGAN
78267;78440;GARGENVILLE
91377;91300;MASSY
95370;95640;MARINES
77437;77165;SAINT-SOUPPLETS
91514;91480;QUINCY-SOUS-SENART
77187;77480;FONTAINE-FOURCHES
91085;91790;BOISSY-SOUS-SAINT-YON
77230;77890;ICHY
77202;77690;LA GENEVRAYE
94060;94510;LA QUEUE-EN-BRIE
95199;95330;DOMONT
77021;77130;BARBEY
95019;95400;ARNOUVILLE
77240;77320;JOUY-SUR-MORIN
95628;95760;VALMONDOIS
77101;77126;CHATENAY-SUR-SEINE
77482;77130;VARENNES-SUR-SEINE
78565;78790;SAINT-MARTIN-DES-CHAMPS
95656;95510;VIENNE-EN-ARTHIES
77181;77164;FERRIERES-EN-BRIE
77184;77940;FLAGY
95341;95300;LIVILLIERS
91589;91600;SAVIGNY-SUR-ORGE
93061;93310;LE PRE-SAINT-GERVAIS
95023;95810;ARRONVILLE
77444;77320;SANCY-LES-PROVINS
94001;94480;ABLON-SUR-SEINE
77130;77580;COULOMMES
94017;94500;CHAMPIGNY-SUR-MARNE
95504;95590;PRESLES
78481;78230;LE PECQ
94075;94440;VILLECRESNES
94038;94240;L'HAY-LES-ROSES
95271;95650;GENICOURT
95527;95700;ROISSY-EN-FRANCE
78586;78500;SARTROUVILLE
77322;77230;MOUSSY-LE-NEUF
77436;77169;SAINT-SIMEON
78162;78460;CHOISEL
77417;77510;SAINT-LEGER
95042;95560;BAILLET-EN-FRANCE
95447;95640;NEUILLY-EN-VEXIN
78417;78790;MONTCHAUVET
77126;77440;CONGIS-SUR-THEROUANNE
77264;77540;LUMIGNY-NESLES-ORMEAUX
91570;91240;SAINT-MICHEL-SUR-ORGE
91511;91740;PUSSAY
92050;92000;NANTERRE
77329;77710;NANTEAU-SUR-LUNAIN
78465;78910;ORGERUS
77112;77760;CHEVRAINVILLIERS
91581;91650;SAINT-YON
91691;91330;YERRES
95298;95640;HARAVILLIERS
77333;77140;NEMOURS
95074;95000;BOISEMONT
95445;95590;NERVILLE-LA-FORET
77256;77650;LIZINES
77216;77880;GREZ-SUR-LOING
78246;78440;FONTENAY-SAINT-PERE
77132;77700;COUPVRAY
95351;95380;LOUVRES
77518;77190;VILLIERS-EN-BIERE
77253;77550;LISSY
77317;77720;MORMANT
91100;91880;BOUVILLE
95355;95420;MAGNY-EN-VEXIN
77376;77410;PRECY-SUR-MARNE
77250;77320;LEUDON-EN-BRIE
78472;78660;ORSONVILLE
77459;77171;SOURDUN
95212;95380;EPIAIS-LES-LOUVRES
77153;77230;DAMMARTIN-EN-GOELE
78033;78126;AULNAY-SUR-MAULDRE
77032;77320;BETON-BAZOCHES
77429;77750;SAINT-OUEN-SUR-MORIN
77408;77470;SAINT-FIACRE
77016;77167;BAGNEAUX-SUR-LOING
77167;77126;EGLIGNY
93049;93360;NEUILLY-PLAISANCE
77207;77890;GIRONVILLE
95365;95850;MAREIL-EN-FRANCE
78220;78690;LES ESSARTS-LE-ROI
91038;91580;AUVERS-SAINT-GEORGES
77442;77210;SAMOREAU
95316;95850;JAGNY-SOUS-BOIS
95205;95440;ECOUEN
92051;92200;NEUILLY-SUR-SEINE
77292;77410;MESSY
77485;77123;LE VAUDOUE
94070;94440;SANTENY
94073;94320;THIAIS
95254;95830;FREMECOURT
78406;78470;MILON-LA-CHAPELLE
77106;77169;CHAUFFRY
77519;77560;VILLIERS-SAINT-GEORGES
78230;78410;LA FALAISE
77318;77163;MORTCERF
91318;91510;JANVILLE-SUR-JUINE
91599;91840;SOISY-SUR-ECOLE
78640;78140;VELIZY-VILLACOUBLAY
77279;77130;MAROLLES-SUR-SEINE
77321;77480;MOUSSEAUX-LES-BRAY
94041;94200;IVRY-SUR-SEINE
78128;78720;CERNAY-LA-VILLE
77496;77370;VIEUX-CHAMPAGNE
92009;92270;BOIS-COLOMBES
95604;95470;SURVILLIERS
93066;93200/93210;SAINT-DENIS
78571;78860;SAINT-NOM-LA-BRETECHE
91201;91210;DRAVEIL
77419;77670;SAINT-MAMMES
77487;77000;VAUX-LE-PENIL
91519;91410;RICHARVILLE
77315;77450;MONTRY
77067;77240;CESSON
77532;77160;VULAINES-LES-PROVINS
78437;78270;MOUSSEAUX-SUR-SEINE
91174;91100;CORBEIL-ESSONNES
91471;91400;ORSAY
77094;77410;CHARMENTRAY
91374;91150;MAROLLES-EN-BEAUCE
95150;95710;CHAUSSY
78147;78270;CHAUFOUR-LES-BONNIERES
77490;77440;VENDREST
91390;91660;MEREVILLE
77041;77760;BOISSY-AUX-CAILLES
78498;78300;POISSY
94047;94520;MANDRES-LES-ROSES
77238;77640;JOUARRE
95450;95000;NEUVILLE-SUR-OISE
77413;77860;SAINT-GERMAIN-SUR-MORIN
95563;95320;SAINT-LEU-LA-FORET
77349;77280;OTHIS
91115;91680;BRUYERES-LE-CHATEL
77359;77930;PERTHES
91273;91720;GIRONVILLE-SUR-ESSONNE
93057;93320;LES PAVILLONS-SOUS-BOIS
78010;78580;LES ALLUETS-LE-ROI
78234;78200;FLACOURT
78590;78720;SENLISSE
77231;77440;ISLES-LES-MELDEUSES
78133;78240;CHAMBOURCY
77056;77760;BURCY
95572;95310;SAINT-OUEN-L'AUMONE
77119;77370;CLOS-FONTAINE
78623;78490;LE TREMBLAY-SUR-MAULDRE
77043;77750;BOITRON
77525;77230;VINANTES
91286;91350;GRIGNY
77235;77440;JAIGNES
77215;77220;GRETZ-ARMAINVILLIERS
77529;77580;VOULANGIS
77249;77150;LESIGNY
77103;77820;CHATILLON-LA-BORDE
95203;95600;EAUBONNE
93053;93130;NOISY-LE-SEC
77461;77520;THENISY
77267;77570;LA MADELEINE-SUR-LOING
78140;78130;CHAPET
91538;91190;SAINT-AUBIN
91412;91590;MONDEVILLE
77007;77390;ARGENTIERES
95144;95190;CHATENAY-EN-FRANCE
91198;91590;D'HUISON-LONGUEVILLE
91035;91410;AUTHON-LA-PLAINE
91579;91770;SAINT-VRAIN
95462;95420;OMERVILLE
78334;78320;LEVIS-SAINT-NOM
77310;77480;MONTIGNY-LE-GUESDIER
91399;91150;MESPUITS
78686;78220;VIROFLAY
95303;95640;LE HEAULME
78368;78124;MAREIL-SUR-MAULDRE
77151;77320;DAGNY
95369;95580;MARGENCY
77175;77166;EVRY-GREGY-SUR-YERRE
78087;78830;BONNELLES
91659;91100;VILLABE
77229;77610;LA HOUSSAYE-EN-BRIE
77355;77520;PAROY
75114;75014;PARIS-14E-ARRONDISSEMENT
77506;77250;VILLEMER
95387;95810;MENOUVILLE
94055;94490;ORMESSON-SUR-MARNE
77116;77320;CHOISY-EN-BRIE
